Workbook

Sheet DATI
A1: LOB | B1: Rgt/Cal/QC/Cons | C1: Lotto 1 - Area Siero | D1: Assay name | E1: LN ABBOTT | F1: LN ABBOTT AGGIORNATI | G1: Descrizione commerciale | H1: KIT | I1: Conf.to | J1: Test (tot) medi/mm ALINK | L1: Test TOT MEDI/MESE Aggiustati | M1: # Kit/Mese
A2: =IF(_xlfn.NUMBERVALUE(SEARCH("Alinity c",G2)),"CC","IA") | B2: RGT | C2: ACIDI BILIARI | D2: Bile Acids | E2: 8P5722 | G2: Alinity c Acidi biliari Reagente | H2: 200 | I2: 4x50 | J2: =VLOOKUP(D2,[1]Sheet2!$A$5:$E$146,5,FALSE()) | L2: 200 | M2: =L2/H2
A3: =IF(_xlfn.NUMBERVALUE(SEARCH("Alinity c",G3)),"CC","IA") | B3: RGT | C3: ACIDO LATTICO | E3: 4U2620 | G3: Alinity c Acido Lattico Reagente | H3: 400 | I3: 4x100 | J3: =VLOOKUP(D3,[1]Sheet2!$A$5:$E$146,5,FALSE()) | L3: … | M3: ….
A4: =IF(_xlfn.NUMBERVALUE(SEARCH("Alinity c",G4)),"CC","IA") | B4: RGT | C4: ACIDO VALPROICO | D4: Valproic | E4: 9P9220 | G4: Alinity c Acido Valproico Reagente | H4: 200 | I4: 2x100 | J4: =VLOOKUP(D4,[1]Sheet2!$A$5:$E$146,5,FALSE()) | L4: 200 | M4: =L4/H4
A5: =IF(_xlfn.NUMBERVALUE(SEARCH("Alinity c",G5)),"CC","IA") | B5: RGT | C5: ALBUMINA | G5: Alinity c Albumina BCG 2 Reagente | H5: 3120 | I5: 4x780
A6: =IF(_xlfn.NUMBERVALUE(SEARCH("Alinity c",G6)),"CC","IA") | B6: RGT | D6: AlbBCG2 | E6: 4U3020 | G6: Alinity c Albumina BCG 2 Reagente | H6: 1044 | I6: 4x261 | J6: =VLOOKUP(D6,[1]Sheet2!$A$5:$E$146,5,FALSE()) | L6: 2000 | M6: =L6/H6
A7: =IF(_xlfn.NUMBERVALUE(SEARCH("Alinity c",G7)),"CC","IA") | B7: RGT | C7: ALBUMINA URINARIA | D7: Microalb | E7: 8P0424 | G7: Alinity c Microalbumina Reagente | H7: 640 | I7: 2x320 | J7: =VLOOKUP(D7,[1]Sheet2!$A$5:$E$146,5,FALSE()) | L7: 1900 | M7: =L7/H7
A8: =IF(_xlfn.NUMBERVALUE(SEARCH("Alinity c",G8)),"CC","IA") | B8: RGT | C8: ALCOLEMIA | D8: Ethanol | E8: 8P4130 | G8: Alinity c Etanolo Reagente | H8: 400 | I8: 4x100 | J8: =VLOOKUP(D8,[1]Sheet2!$A$5:$E$146,5,FALSE()) | L8: 300 | M8: =L8/H8
A9: =IF(_xlfn.NUMBERVALUE(SEARCH("Alinity c",G9)),"CC","IA") | B9: RGT | C9: ALFA-1-ANTITRIPSINA | D9: a1AT | E9: 1R0720 | G9: Alinity c Alfa-1 Antitripsina Reagente | H9: 200 | I9: 2x100 | J9: =VLOOKUP(D9,[1]Sheet2!$A$5:$E$146,5,FALSE()) | L9: 150 | M9: =L9/H9
A10: =IF(_xlfn.NUMBERVALUE(SEARCH("Alinity c",G10)),"CC","IA") | B10: RGT | C10: ALFA-1-GLIC. ACIDA | D10: a1AGP | E10: 1R0820 | G10: Alinity c Alfa-1 Glicoproteina Reagente | H10: 200 | I10: 2x100 | J10: =VLOOKUP(D10,[1]Sheet2!$A$5:$E$146,5,FALSE()) | L10: 150 | M10: =L10/H10
A11: IA | B11: RGT | C11: ALFA-FETOPROTEINA | D11: AFP | E11: 7P9020 | G11: Alinity i AFP Reagente | H11: 200 | I11: 2x100 | J11: =VLOOKUP(D11,[1]Sheet2!$A$5:$E$146,5,FALSE()) | L11: 500 | M11: =L11/H11
A12: =IF(_xlfn.NUMBERVALUE(SEARCH("Alinity c",G12)),"CC","IA") | B12: RGT | C12: AMFETAMINA su Urina | D12: AmpSQ | E12: 9P4520 | G12: Alinity c Anfetamina/Metanfetamine Reagente | H12: 400 | I12: 2x200 | J12: =VLOOKUP(D12,[1]Sheet2!$A$5:$E$146,5,FALSE()) | L12: 400 | M12: =L12/H12
A13: IA | B13: RGT | C13: AMH ° - NON RICHIESTO
A14: =IF(_xlfn.NUMBERVALUE(SEARCH("Alinity c",G14)),"CC","IA") | B14: RGT | C14: AMILASI | D14: AMY2F | E14: 4T8520 | G14: Alinity c Amilasi 2 Reagente | H14: 640 | I14: 4x160 | J14: =VLOOKUP(D14,[1]Sheet2!$A$5:$E$146,5,FALSE()) | L14: 1500 | M14: =L14/H14
A15: =IF(_xlfn.NUMBERVALUE(SEARCH("Alinity c",G15)),"CC","IA") | B15: RGT | C15: AMILASI PANCREATICA | D15: P Amylase | E15: 1R0422 | G15: Alinity c Amilasi Pancreatica Reagente | H15: 200 | I15: 2x100 | J15: =VLOOKUP(D15,[1]Sheet2!$A$5:$E$146,5,FALSE()) | L15: 3500 | M15: =L15/H15
A16: =IF(_xlfn.NUMBERVALUE(SEARCH("Alinity c",G16)),"CC","IA") | B16: RGT | C16: AMMONIEMIA | D16: Ammonia | E16: 8P2220 | G16: Alinity c Ammonio Reagente | H16: 200 | I16: 2x100 | J16: =VLOOKUP(D16,[1]Sheet2!$A$5:$E$146,5,FALSE()) | L16: 400 | M16: =L16/H16
A17: IA | B17: RGT | C17: ANTI HCV | D17: Anti-HCVII | E17: 8P0633 | F17: 06T7932 | G17: Alinity i Anti-HCV Reagente--> HCV Next | H17: 1000 | I17: 2x500 | J17: =VLOOKUP(D17,[1]Sheet2!$A$5:$E$146,5,FALSE()) | L17: 2000 | M17: =L17/H17
A18: IA | B18: RGT | G18: Alinity i Anti-HCV Reagente | H18: 200 | I18: 2x100
A19: IA | B19: RGT | C19: ANTI- TIREOGLOBULINA | D19: Anti-Tg | E19: 9P3420 | G19: Alinity i Anti Tg Reagente | H19: 200 | I19: 2x100 | J19: =VLOOKUP(D19,[1]Sheet2!$A$5:$E$146,5,FALSE()) | L19: 900 | M19: =L19/H19
A20: IA | B20: RGT | C20: ANTI-PEROSSIDASI | D20: Anti-TPO | E20: 9P3522 | G20: Alinity i Anti TPO Reagente | H20: 200 | I20: 2x100 | J20: =VLOOKUP(D20,[1]Sheet2!$A$5:$E$146,5,FALSE()) | L20: 900 | M20: =L20/H20
A21: =IF(_xlfn.NUMBERVALUE(SEARCH("Alinity c",G21)),"CC","IA") | B21: RGT | C21: APOLIPOPROT A | D21: APOA1 | E21: 9P4624 | G21: Alinity c Apolipoproteina A1 Reagente | H21: 190 | I21: 2x95 | J21: =VLOOKUP(D21,[1]Sheet2!$A$5:$E$146,5,FALSE()) | L21: 150 | M21: =L21/H21
A22: =IF(_xlfn.NUMBERVALUE(SEARCH("Alinity c",G22)),"CC","IA") | B22: RGT | C22: APOLIPOPROT B | D22: APOB | E22: 9P4724 | G22: Alinity c Apolipoproteina B Reagente | H22: 190 | I22: 2x95 | J22: =VLOOKUP(D22,[1]Sheet2!$A$5:$E$146,5,FALSE()) | L22: 200 | M22: =L22/H22
A23: =IF(_xlfn.NUMBERVALUE(SEARCH("Alinity c",G23)),"CC","IA") | B23: RGT | C23: APTOGLOBINA | D23: Haptoglob | E23: 9P5924 | G23: Alinity c Aptoglobina Reagente | H23: 180 | I23: 2x90 | J23: =VLOOKUP(D23,[1]Sheet2!$A$5:$E$146,5,FALSE()) | L23: 200 | M23: =L23/H23
A24: =IF(_xlfn.NUMBERVALUE(SEARCH("Alinity c",G24)),"CC","IA") | B24: RGT | C24: AZOTEMIA | D24: Urea/UreaU | E24: 8P1630 | G24: Alinity c Azoto Ureico Reagente | H24: 13000 | I24: 10x1300 | J24: 13800 | L24: 15000 | M24: =L24/H24
A25: =IF(_xlfn.NUMBERVALUE(SEARCH("Alinity c",G25)),"CC","IA") | B25: RGT | G25: Alinity c Azoto Ureico Reagente | H25: 4000 | I25: 10x400
A26: =IF(_xlfn.NUMBERVALUE(SEARCH("Alinity c",G26)),"CC","IA") | B26: RGT | C26: BENZODIAZEPINE (U) | D26: BenzSQ | E26: 9P5220 | G26: Alinity c Benzodiazepine Reagente | H26: 500 | I26: 2x250 | J26: =VLOOKUP(D26,[1]Sheet2!$A$5:$E$146,5,FALSE()) | L26: 500 | M26: =L26/H26
A27: IA | B27: RGT | C27: Beta HCG | D27: B-hCG | E27: 7P5120 | G27: Alinity i Total β-hCG Reagente | H27: 200 | I27: 2x100 | J27: =VLOOKUP(D27,[1]Sheet2!$A$5:$E$146,5,FALSE()) | L27: 600 | M27: =L27/H27
A28: =IF(_xlfn.NUMBERVALUE(SEARCH("Alinity c",G28)),"CC","IA") | B28: RGT | C28: BETA2-MICROGLOBULINA | D28: B2M | E28: 1R0920 | G28: Alinity c B2-Microglobulina Reagente | H28: 200 | I28: 2x100 | J28: =VLOOKUP(D28,[1]Sheet2!$A$5:$E$146,5,FALSE()) | L28: 400 | M28: =L28/H28
A29: =IF(_xlfn.NUMBERVALUE(SEARCH("Alinity c",G29)),"CC","IA") | B29: RGT | C29: BILIRUBINA DIRETTA | D29: Bili D | E29: 7P9720 | G29: Alinity c Bilirubina Diretta Reagente | H29: 1440 | I29: 4x360 | J29: =VLOOKUP(D29,[1]Sheet2!$A$5:$E$146,5,FALSE()) | L29: 10000 | M29: =L29/H29
A30: =IF(_xlfn.NUMBERVALUE(SEARCH("Alinity c",G30)),"CC","IA") | B30: RGT | C30: BILIRUBINA TOTALE | D30: TBili2 | E30: 4U0520 | G30: Alinity c Bilirubina Totale 2 Reagente | H30: 3500 | I30: 10x350 | J30: =VLOOKUP(D30,[1]Sheet2!$A$5:$E$146,5,FALSE()) | L30: 10000 | M30: =L30/H30
A31: IA | B31: RGT | C31: BNP/NT-proBNP | D31: BNP | E31: 8P2430 | G31: Alinity i BNP Reagente | H31: 1000 | I31: 2x500 | J31: =VLOOKUP(D31,[1]Sheet2!$A$5:$E$146,5,FALSE()) | L31: 1800 | M31: =L31/H31
A32: IA | B32: RGT | G32: Alinity i BNP Reagente | H32: 200 | I32: 2x100
A33: =IF(_xlfn.NUMBERVALUE(SEARCH("Alinity c",G33)),"CC","IA") | B33: RGT | C33: BUPRENORFINA (U) | D33: BUP SQ | E33: 4Z4220 | G33: Alinity c Buprenorfina Reagente | H33: 200 | I33: 1x200 | J33: =VLOOKUP(D33,[1]Sheet2!$A$5:$E$146,5,FALSE()) | L33: 300 | M33: =L33/H33
A34: IA | B34: RGT | C34: C PEPTIDE | D34: C-Peptide | E34: 9P3620 | G34: Alinity i C-Peptide Reagente | H34: 200 | I34: 2x100 | J34: =VLOOKUP(D34,[1]Sheet2!$A$5:$E$146,5,FALSE()) | L34: 150 | M34: =L34/H34
A35: IA | B35: RGT | C35: CA 125 | D35: CA 125 II | E35: 8P4920 | G35: Alinity i CA 125 II Reagente | H35: 200 | I35: 2x100 | J35: =VLOOKUP(D35,[1]Sheet2!$A$5:$E$146,5,FALSE()) | L35: 600 | M35: =L35/H35
A36: IA | B36: RGT | C36: CA 15.3 | D36: CA 15-3 | E36: 8P5120 | G36: Alinity i CA 15-3 Reagente | H36: 200 | I36: 2x100 | J36: =VLOOKUP(D36,[1]Sheet2!$A$5:$E$146,5,FALSE()) | L36: 600 | M36: =L36/H36
A37: IA | B37: RGT | C37: CA 19.9 | D37: CA19-9XR | E37: 8P3230 | G37: Alinity i CA 19-9XR Reagente | H37: 1000 | I37: 2x500 | J37: =VLOOKUP(D37,[1]Sheet2!$A$5:$E$146,5,FALSE()) | L37: 600 | M37: =L37/H37
A38: =IF(_xlfn.NUMBERVALUE(SEARCH("Alinity c",G38)),"CC","IA") | B38: RGT | C38: CALCIO | D38: CaC2-CaC2-U | E38: 4T8730 | G38: Alinity c Calcio 2 Reagente | H38: 5160 | I38: 4x1290 | J38: =VLOOKUP(D38,[1]Sheet2!$A$5:$E$146,5,FALSE()) | L38: 10000 | M38: =L38/H38
A39: =IF(_xlfn.NUMBERVALUE(SEARCH("Alinity c",G39)),"CC","IA") | B39: RGT | G39: Alinity c Calcio 2 Reagente | H39: 1560 | I39: 4x390
A40: =IF(_xlfn.NUMBERVALUE(SEARCH("Alinity c",G40)),"CC","IA") | B40: RGT | C40: CANNABINOIDI (U) | D40: THC1SQ | E40: 9P5420 | G40: Alinity c Cannabinoidi Reagente | H40: 400 | I40: 2x200 | J40: =VLOOKUP(D40,[1]Sheet2!$A$5:$E$146,5,FALSE()) | L40: 800 | M40: =L40/H40
A41: =IF(_xlfn.NUMBERVALUE(SEARCH("Alinity c",G41)),"CC","IA") | B41: RGT | C41: CARBAMAZEPINA | D41: Carb | E41: 8P5820 | G41: Alinity c Carbamazepina Reagente | H41: 400 | I41: 4x100 | J41: =VLOOKUP(D41,[1]Sheet2!$A$5:$E$146,5,FALSE()) | L41: 200 | M41: =L41/H41
A42: IA | B42: RGT | C42: CEA | D42: CEA | E42: 7P6220 | G42: Alinity i CEA Reagente | H42: 200 | I42: 2x100 | J42: =VLOOKUP(D42,[1]Sheet2!$A$5:$E$146,5,FALSE()) | L42: 900 | M42: =L42/H42
A43: =IF(_xlfn.NUMBERVALUE(SEARCH("Alinity c",G43)),"CC","IA") | B43: RGT | C43: CERULOPLASMINA | D43: Cerulo | E43: 9P9320 | G43: Alinity c Ceruloplasmina Reagente | H43: 200 | I43: 2x100 | J43: =VLOOKUP(D43,[1]Sheet2!$A$5:$E$146,5,FALSE()) | L43: 200 | M43: =L43/H43
A44: IA | B44: RGT | C44: CICLOSPORINA (S int) | D44: Cyclo | E44: 9P3920 | G44: Alinity i Ciclosporina Reagente | H44: 200 | I44: 2x100 | J44: =VLOOKUP(D44,[1]Sheet2!$A$5:$E$146,5,FALSE()) | L44: 100 | M44: =L44/H44
A45: CC | B45: RGT | C45: CISTATNA C | E45: 6T3220 | G45: Alinity c CYS C Reagente (CISTATINA C) 200t | H45: 200 | I45: x100
A46: CC | B46: RGT | E46: 6T3230 | G46: Alinity c CYS C Reagente (CISTATINA C) 500t | H46: 500 | I46: x250 | J46: …. | L46: 500 | M46: =L46/H46
A47: IA | B47: RGT | C47: CK-MB MASSA | D47: CK-MB STAT | E47: 4V3830 | G47: Alinity i CK-MB Reagente | H47: 1000 | I47: 2x500 | J47: =VLOOKUP(D47,[1]Sheet2!$A$5:$E$146,5,FALSE()) | L47: 1600 | M47: =L47/H47
A48: IA | B48: RGT | G48: Alinity i CK-MB Reagente | H48: 200 | I48: 2x100
A49: =IF(_xlfn.NUMBERVALUE(SEARCH("Alinity c",G49)),"CC","IA") | B49: RGT | C49: CLORO - modulo ICT | E49: 9D2804 | G49: Alinity c/Architect c Modulo ICT | H49: 1 pz | I49: 60000 | J49: =VLOOKUP(D49,[1]Sheet2!$A$5:$E$146,5,FALSE()) | L49: =6700+11700+11800 | M49: 0.5
A50: =IF(_xlfn.NUMBERVALUE(SEARCH("Alinity c",G50)),"CC","IA") | B50: RGT | C50: COCAINA su Urina | D50: CocSQ1 | E50: 9P5520 | G50: Alinity c Cocaina Reagente | H50: 500 | I50: 2x250 | J50: =VLOOKUP(D50,[1]Sheet2!$A$5:$E$146,5,FALSE()) | L50: 1000 | M50: =L50/H50
A51: =IF(_xlfn.NUMBERVALUE(SEARCH("Alinity c",G51)),"CC","IA") | B51: RGT | C51: COLESTEROLO | D51: Chol2 | E51: 4T8830 | G51: Alinity c Colesterolo 2 Reagente | H51: 3200 | I51: 4x800 | J51: =VLOOKUP(D51,[1]Sheet2!$A$5:$E$146,5,FALSE()) | L51: 10000 | M51: =L51/H51
A52: =IF(_xlfn.NUMBERVALUE(SEARCH("Alinity c",G52)),"CC","IA") | B52: RGT | G52: Alinity c Colesterolo 2 Reagente | H52: 880 | I52: 4x220
A53: =IF(_xlfn.NUMBERVALUE(SEARCH("Alinity c",G53)),"CC","IA") | B53: RGT | C53: COLESTEROLO HDL | D53: Ultra HDL | E53: 7P7530 | G53: Alinity c ULTRA HDL Reagente | H53: 3500 | I53: 10x350 | J53: =VLOOKUP(D53,[1]Sheet2!$A$5:$E$146,5,FALSE()) | L53: 10000 | M53: =L53/H53
A54: =IF(_xlfn.NUMBERVALUE(SEARCH("Alinity c",G54)),"CC","IA") | B54: RGT | C54: COLESTEROLO LDL | D54: Direct LDL | E54: 7P7120 | G54: Alinity c LDL Diretta Reagente | H54: 580 | I54: 2x290 | J54: =VLOOKUP(D54,[1]Sheet2!$A$5:$E$146,5,FALSE()) | L54: 4000 | M54: =L54/H54
A55: =IF(_xlfn.NUMBERVALUE(SEARCH("Alinity c",G55)),"CC","IA") | B55: RGT | C55: COLINESTERASI | D55: CHE | E55: 9P9432 | G55: Alinity c Colinesterasi Reagente | H55: 400 | I55: 2x200 | J55: =VLOOKUP(D55,[1]Sheet2!$A$5:$E$146,5,FALSE()) | L55: 2500 | M55: =L55/H55
A56: =IF(_xlfn.NUMBERVALUE(SEARCH("Alinity c",G56)),"CC","IA") | B56: RGT | C56: COMPLEMENTO C3 | D56: C3 | E56: 9P5624 | G56: Alinity c Complemento C3 Reagente | H56: 300 | I56: 2x150 | J56: =VLOOKUP(D56,[1]Sheet2!$A$5:$E$146,5,FALSE()) | L56: 300 | M56: =L56/H56
A57: =IF(_xlfn.NUMBERVALUE(SEARCH("Alinity c",G57)),"CC","IA") | B57: RGT | C57: COMPLEMENTO C4 | D57: C4 | E57: 9P5724 | G57: Alinity c Complemento C4 Reagente | H57: 300 | I57: 2x150 | J57: =VLOOKUP(D57,[1]Sheet2!$A$5:$E$146,5,FALSE()) | L57: 300 | M57: =L57/H57
A58: IA | B58: RGT | C58: CORTISOLO (S+U) | D58: Cortisol | E58: 8P3320 | G58: Alinity i Cortisolo Reagente | H58: 200 | I58: 2x100 | J58: =VLOOKUP(D58,[1]Sheet2!$A$5:$E$146,5,FALSE()) | L58: 400 | M58: =L58/H58
A59: =IF(_xlfn.NUMBERVALUE(SEARCH("Alinity c",G59)),"CC","IA") | B59: RGT | C59: CPK | D59: CK | E59: 8P4220 | G59: Alinity c Creatina Chinasi (CK) Reagente | H59: 1200 | I59: 4x300 | J59: =VLOOKUP(D59,[1]Sheet2!$A$5:$E$146,5,FALSE()) | L59: 6000 | M59: =L59/H59
A60: =IF(_xlfn.NUMBERVALUE(SEARCH("Alinity c",G60)),"CC","IA") | B60: RGT | C60: CREATININA | D60: CrEnz+CrEnz-U | E60: 8P0130 | G60: Alinity c Creatinina Enzimatica Reagente | H60: 3600 | I60: 10x360 | J60: =VLOOKUP(D60,[1]Sheet2!$A$5:$E$146,5,FALSE()) | L60: 23000 | M60: =L60/H60
A61: IA | B61: RGT | C61: DHEA S | D61: DHEA-S | E61: 9P3720 | G61: Alinity i DHEA-S Reagente | H61: 200 | I61: 2x100 | J61: =VLOOKUP(D61,[1]Sheet2!$A$5:$E$146,5,FALSE()) | L61: 200 | M61: =L61/H61
A62: =IF(_xlfn.NUMBERVALUE(SEARCH("Alinity c",G62)),"CC","IA") | B62: RGT | C62: DIBUCAINA | D62: DIBCH | E62: 9P9822 | G62: Alinity c Dibucaina Reagente | H62: 200 | I62: 2x100 | J62: =VLOOKUP(D62,[1]Sheet2!$A$5:$E$146,5,FALSE()) | L62: 800 | M62: =L62/H62
A63: =IF(_xlfn.NUMBERVALUE(SEARCH("Alinity c",G63)),"CC","IA") | B63: RGT | C63: DIGOSSINA | D63: Digoxin | E63: 8P3720 | G63: Alinity c Digossina Reagente | H63: 800 | I63: 4x200 | J63: =VLOOKUP(D63,[1]Sheet2!$A$5:$E$146,5,FALSE()) | L63: 200 | M63: =L63/H63
A64: =IF(_xlfn.NUMBERVALUE(SEARCH("Alinity c",G64)),"CC","IA") | B64: RGT | C64: ECSTASI su Urina | D64: EcstSQ | E64: 9P5820 | G64: Alinity c Ecstasy Reagente | H64: 400 | I64: 2x200 | J64: =VLOOKUP(D64,[1]Sheet2!$A$5:$E$146,5,FALSE()) | L64: 200 | M64: =L64/H64
A65: IA | B65: RGT | C65: ESTRADIOLO | D65: Estradiol | E65: 7P5020 | G65: Alinity i Estradiolo Reagente | H65: 200 | I65: 2x100 | J65: =VLOOKUP(D65,[1]Sheet2!$A$5:$E$146,5,FALSE()) | L65: 400 | M65: =L65/H65
A66: CC | B66: RGT | C66: ETG su Urina
A67: =IF(_xlfn.NUMBERVALUE(SEARCH("Alinity c",G67)),"CC","IA") | B67: RGT | C67: FATTORE REUMATOIDE | D67: RF | E67: 1R1632 | G67: Alinity c Fattore Reumatoide Reagente | H67: 920 | I67: 4x230 | J67: =VLOOKUP(D67,[1]Sheet2!$A$5:$E$146,5,FALSE()) | L67: 600 | M67: =L67/H67
A68: =IF(_xlfn.NUMBERVALUE(SEARCH("Alinity c",G68)),"CC","IA") | B68: RGT | C68: FENITOINA | D68: Phenytoin | E68: 8P5420 | G68: Alinity c Fenitoina Reagente | H68: 400 | I68: 4x100 | J68: =VLOOKUP(D68,[1]Sheet2!$A$5:$E$146,5,FALSE()) | L68: 200 | M68: =L68/H68
A69: =IF(_xlfn.NUMBERVALUE(SEARCH("Alinity c",G69)),"CC","IA") | B69: RGT | C69: FENOBARBITAL | D69: Phenobarb | E69: 9P8520 | G69: Alinity c Fenobarbitale Reagente | H69: 200 | I69: 2x100 | J69: =VLOOKUP(D69,[1]Sheet2!$A$5:$E$146,5,FALSE()) | L69: 200 | M69: =L69/H69
A70: =IF(_xlfn.NUMBERVALUE(SEARCH("Alinity c",G70)),"CC","IA") | B70: RGT | C70: Fentanyl | E70: 4Z4420 | G70: Alinity c Fentanil Reagente | H70: 200 | I70: 1x200 | J70: =VLOOKUP(D70,[1]Sheet2!$A$5:$E$146,5,FALSE()) | L70: …. | M70: ….
A71: IA | B71: RGT | C71: FERRITINA | D71: Ferritin | E71: 7P6530 | G71: Alinity i Ferritina Reagente | H71: 1200 | I71: 2x600 | J71: =VLOOKUP(D71,[1]Sheet2!$A$5:$E$146,5,FALSE()) | L71: 6200 | M71: =L71/H71
A72: IA | B72: RGT | C72: FOLATI | D72: Folate | E72: 8P1432 | G72: Alinity i Folato Reagente | H72: 1200 | I72: 2x600 | J72: =VLOOKUP(D72,[1]Sheet2!$A$5:$E$146,5,FALSE()) | L72: 2400 | M72: =L72/H72
A73: =IF(_xlfn.NUMBERVALUE(SEARCH("Alinity c",G73)),"CC","IA") | B73: RGT | C73: FOSFATASI ALCALINA | D73: AlkP2F | E73: 4T8320 | G73: Alinity c Fosfatasi Alcalina 2 Reagente | H73: 2000 | I73: 10x200 | J73: =VLOOKUP(D73,[1]Sheet2!$A$5:$E$146,5,FALSE()) | L73: 4000 | M73: =L73/H73
A74: =IF(_xlfn.NUMBERVALUE(SEARCH("Alinity c",G74)),"CC","IA") | B74: RGT | C74: FOSFORO | D74: Phos2+Phos2-U | E74: 4U0320 | G74: Alinity c Fosforo 2 Reagente | H74: 1120 | I74: 4x280 | J74: =VLOOKUP(D74,[1]Sheet2!$A$5:$E$146,5,FALSE()) | L74: 2200 | M74: =L74/H74
A75: IA | B75: RGT | C75: FSH | D75: FSH | E75: 7P4920 | G75: Alinity i FSH Reagente | H75: 200 | I75: 2x100 | J75: =VLOOKUP(D75,[1]Sheet2!$A$5:$E$146,5,FALSE()) | L75: 400 | M75: =L75/H75
A76: IA | B76: RGT | C76: FT3 | D76: Free T3 | E76: 7P6930 | G76: Alinity i T3 Libero Reagente | H76: 1200 | I76: 2x600 | J76: =VLOOKUP(D76,[1]Sheet2!$A$5:$E$146,5,FALSE()) | L76: 3600 | M76: =L76/H76
A77: IA | B77: RGT | C77: FT4 | D77: Free T4 | E77: 7P7030 | G77: Alinity i T4 Libero Reagente | H77: 1200 | I77: 2x600 | J77: =VLOOKUP(D77,[1]Sheet2!$A$5:$E$146,5,FALSE()) | L77: 4500 | M77: =L77/H77
A78: IA | B78: RGT | C78: G-6-PDH | E78: 0LG202 | G78: G6PD/6PGD | H78: 150 | I78: 150 | J78: =VLOOKUP(D78,[1]Sheet2!$A$5:$E$146,5,FALSE()) | L78: …. | M78: ….
A79: =IF(_xlfn.NUMBERVALUE(SEARCH("Alinity c",G79)),"CC","IA") | B79: RGT | C79: GENTAMICINA | E79: 8P5520 | G79: Alinity c Gentamicina Reagente | H79: 200 | I79: 2x100 | J79: =VLOOKUP(D79,[1]Sheet2!$A$5:$E$146,5,FALSE()) | L79: 10 | M79: =L79/H79
A80: IA | B80: RGT | C80: GFAP | E80: 4W1720 | G80: Alinity i GFAP (TBI) Reagente | H80: 200 | I80: 2x100 | J80: =VLOOKUP(D80,[1]Sheet2!$A$5:$E$146,5,FALSE()) | L80: …. | M80: ….
A81: =IF(_xlfn.NUMBERVALUE(SEARCH("Alinity c",G81)),"CC","IA") | B81: RGT | C81: GGT | D81: GGT2 | E81: 4T9630 | G81: Alinity c GGT2 Reagente | H81: 2100 | I81: 4x525 | J81: =VLOOKUP(D81,[1]Sheet2!$A$5:$E$146,5,FALSE()) | L81: 10000 | M81: =L81/H81
A82: =IF(_xlfn.NUMBERVALUE(SEARCH("Alinity c",G82)),"CC","IA") | B82: RGT | C82: GLICEMIA | D82: Glucose - Glucose CU | E82: 7P5530 | G82: Alinity c Glucosio Reagente | H82: 11000 | I82: 10x1100 | J82: 17000 | L82: 20000 | M82: =L82/H82
A83: =IF(_xlfn.NUMBERVALUE(SEARCH("Alinity c",G83)),"CC","IA") | B83: RGT | E83: 7P5520 | G83: Alinity c Glucosio Reagente | H83: 4000 | I83: 10x400
A84: IA | B84: RGT | C84: HAV lgM | D84: HAVAb IgM | E84: 2R2822 | G84: Alinity i HAVAb IgM Reagente | H84: 200 | I84: 2x100 | J84: =VLOOKUP(D84,[1]Sheet2!$A$5:$E$146,5,FALSE()) | L84: 200 | M84: =L84/H84
A85: IA | B85: RGT | C85: HAVAb Totali/HAV IgG | D85: HAVAb-IgG | E85: 8P2622 | G85: Alinity i HAVAb IgG Reagente | H85: 200 | I85: 2x100 | J85: =VLOOKUP(D85,[1]Sheet2!$A$5:$E$146,5,FALSE()) | L85: 200 | M85: =L85/H85
A86: IA | B86: RGT | C86: HBC Ab | D86: Anti-HBc | E86: 7P8722 | G86: Alinity i Anti-HBc II Reagente | H86: 200 | I86: 2x100 | J86: =VLOOKUP(D86,[1]Sheet2!$A$5:$E$146,5,FALSE()) | L86: 600 | M86: =L86/H86
A87: IA | B87: RGT | C87: HBc lgM | D87: Anti-HBc M | E87: 7P8622 | G87: Alinity i Anti-HBc IgM Reagente | H87: 200 | I87: 2x100 | J87: =VLOOKUP(D87,[1]Sheet2!$A$5:$E$146,5,FALSE()) | L87: 600 | M87: =L87/H87
A88: IA | B88: RGT | C88: HBeAb | D88: Anti-HBe | E88: 7P6322 | G88: Alinity i Anti-HBe Reagente | H88: 200 | I88: 2x100 | J88: =VLOOKUP(D88,[1]Sheet2!$A$5:$E$146,5,FALSE()) | L88: 600 | M88: =L88/H88
A89: IA | B89: RGT | C89: HBeAg | D89: HBeAg | E89: 7P6422 | G89: Alinity i HBeAg Reagente | H89: 200 | I89: 2x100 | J89: =VLOOKUP(D89,[1]Sheet2!$A$5:$E$146,5,FALSE()) | L89: 600 | M89: =L89/H89
A90: IA | B90: RGT | C90: HBsAb | D90: AntiHBsdil | E90: 7P8957 | G90: Alinity i Anti-HBs Reagente (Autodil) | H90: 1200 | I90: 2x600 | J90: =VLOOKUP(D90,[1]Sheet2!$A$5:$E$146,5,FALSE()) | L90: 1600 | M90: =L90/H90
A91: IA | B91: RGT | E91: 7P8952 | G91: Alinity i Anti-HBs Reagente (Autodil) | H91: 200 | I91: 2x100
A92: IA | B92: RGT | C92: HBsAg | D92: HBsAgNx | E92: 1R6432 | G92: Alinity i HBsAg Next Qualitativo Reagente | H92: 1200 | I92: 2x600 | J92: =VLOOKUP(D92,[1]Sheet2!$A$5:$E$146,5,FALSE()) | L92: 1800 | M92: =L92/H92
A93: IA | B93: RGT | E93: 1R6422 | G93: Alinity i HBsAg Next Qualitativo Reagente | H93: 200 | I93: 2x100
A94: IA | B94: RGT | C94: HbsAg quantitativo | E94: 8P0852 | G94: Alinity i HBsAg Quant Reagente (Autodil | H94: 200 | I94: 2x100 | J94: =VLOOKUP(D94,[1]Sheet2!$A$5:$E$146,5,FALSE()) | L94: … | M94: …
A95: IA | B95: RGT | C95: HE4 | D95: HE4 | E95: 8P5022 | G95: Alinity i HE4 Reagente | H95: 200 | I95: 2x100 | J95: =VLOOKUP(D95,[1]Sheet2!$A$5:$E$146,5,FALSE()) | L95: 200 | M95: =L95/H95
A96: IA | B96: RGT | C96: HIV | D96: HIV Ag/Ab | E96: 8P0732 | G96: Alinity i HIV Ag/Ab Combo Reagente | H96: 1200 | I96: 2x600 | J96: =VLOOKUP(D96,[1]Sheet2!$A$5:$E$146,5,FALSE()) | L96: 1200 | M96: =L96/H96
A97: IA | B97: RGT | E97: 8P0722 | G97: Alinity i HIV Ag/Ab Combo Reagente | H97: 200 | I97: 2x100
A98: =IF(_xlfn.NUMBERVALUE(SEARCH("Alinity c",G98)),"CC","IA") | B98: RGT | C98: IGA | D98: IgA | E98: 9P6124 | G98: Alinity c Immunoglobulina A Reagente | H98: 360 | I98: 4x90 | J98: =VLOOKUP(D98,[1]Sheet2!$A$5:$E$146,5,FALSE()) | L98: 600 | M98: =L98/H98
A99: =IF(_xlfn.NUMBERVALUE(SEARCH("Alinity c",G99)),"CC","IA") | B99: RGT | C99: IGE TOTALI | D99: IgE | E99: 1R1322 | G99: Alinity c Immunoglobuline E (IgE) Reagente | H99: 200 | I99: 2x100 | J99: =VLOOKUP(D99,[1]Sheet2!$A$5:$E$146,5,FALSE()) | L99: 400 | M99: =L99/H99
A100: =IF(_xlfn.NUMBERVALUE(SEARCH("Alinity c",G100)),"CC","IA") | B100: RGT | C100: IGG | D100: IgG | E100: 9P6224 | G100: Alinity c Immunoglobulina G Reagente | H100: 360 | I100: 4x90 | J100: =VLOOKUP(D100,[1]Sheet2!$A$5:$E$146,5,FALSE()) | L100: 400 | M100: =L100/H100
...

Sheet TEST_COUNT_PRIMI 3 MESI
A1: ASSAY_NUMBER | B1: - tutto -
A3: Sum of TOT/MM | B3: MODULE_TYPE
A4: ASSAY_NAME | B4: Alinity c | C4: Alinity i | D4: (vuoto) | E4: Totale Risultato
A5: a1AGP | B5: 102 | E5: 102
A6: a1AT | B6: 118.66667 | E6: 118.66667
A7: A-ALT | B7: 15328 | E7: 15328
A8: A-AST | B8: 14228.333 | E8: 14228.333
A9: AFP | C9: 392 | E9: 392
A10: AlbBCG2 | B10: 1439 | E10: 1439
A11: AlkP2F | B11: 3508 | E11: 3508
A12: Ammonia | B12: 302 | E12: 302
A13: AmpSQ | B13: 341.66667 | E13: 341.66667
A14: AMY2F | B14: 1310.3333 | E14: 1310.3333
A15: AMY2-UF | B15: 203.33333 | E15: 203.33333
A16: Anti-HBc | C16: 515 | E16: 515
A17: Anti-HBc M | C17: 417.66667 | E17: 417.66667
A18: Anti-HBe | C18: 416.33333 | E18: 416.33333
A19: AntiHBsdil | C19: 1334.3333 | E19: 1334.3333
A20: Anti-HCVII | C20: 1598.3333 | E20: 1598.3333
A21: Anti-Tg | C21: 767.33333 | E21: 767.33333
A22: Anti-TPO | C22: 730.33333 | E22: 730.33333
A23: APOA1 | B23: 130.66667 | E23: 130.66667
A24: APOB | B24: 196.66667 | E24: 196.66667
A25: ASO | B25: 170.66667 | E25: 170.66667
A26: B2M | B26: 290.33333 | E26: 290.33333
A27: BarbSQ | B27: 98.333333 | E27: 98.333333
A28: BenzSQ | B28: 420 | E28: 420
A29: B-hCG | C29: 515.66667 | E29: 515.66667
A30: Bile Acids | B30: 159.66667 | E30: 159.66667
A31: Bili D | B31: 9057.3333 | E31: 9057.3333
A32: BNP | C32: 1566.6667 | E32: 1566.6667
A33: BUP SQ | B33: 210.66667 | E33: 210.66667
A34: C3 | B34: 236 | E34: 236
A35: C4 | B35: 239.66667 | E35: 239.66667
A36: CA 125 II | C36: 441.66667 | E36: 441.66667
A37: CA 15-3 | C37: 491.66667 | E37: 491.66667
A38: CA19-9XR | C38: 480.33333 | E38: 480.33333
A39: CaC2 | B39: 10161.667 | E39: 10161.667
A40: CaC2-U | B40: 279 | E40: 279
A41: Carb | B41: 166.66667 | E41: 166.66667
A42: CEA | C42: 789.33333 | E42: 789.33333
A43: Cerulo | B43: 133.33333 | E43: 133.33333
A44: CHE | B44: 2192 | E44: 2192
A45: Chol2 | B45: 8868.6667 | E45: 8868.6667
A46: CK | B46: 5522.6667 | E46: 5522.6667
A47: CK-MB STAT | C47: 1431.3333 | E47: 1431.3333
A48: Cl-C | B48: 6913.3333 | E48: 6913.3333
A49: Cl-CU | B49: 924.66667 | E49: 924.66667
A50: CocSQ1 | B50: 804 | E50: 804
A51: Cortisol | C51: 331 | E51: 331
A52: C-Peptide | C52: 151.66667 | E52: 151.66667
A53: CrEnz | B53: 17885.667 | E53: 17885.667
A54: CrEnzU | B54: 2420 | E54: 2420
A55: CRP16 | B55: 9135.6667 | E55: 9135.6667
A56: Cyclo | C56: 55 | E56: 55
A57: DHEA-S | C57: 180.33333 | E57: 180.33333
A58: DIBCH | B58: 710.33333 | E58: 710.33333
A59: Digoxin | B59: 116.33333 | E59: 116.33333
A60: Direct LDL | B60: 3502.6667 | E60: 3502.6667
A61: EcstSQ | B61: 101 | E61: 101
A62: Estradiol | C62: 274.66667 | E62: 274.66667
A63: Ethanol | B63: 239.33333 | E63: 239.33333
A64: Ferritin | C64: 5479.3333 | E64: 5479.3333
A65: Folate | C65: 1912.3333 | E65: 1912.3333
A66: Free PSA | C66: 970.33333 | E66: 970.33333
A67: Free T3 | C67: 2954.6667 | E67: 2954.6667
A68: Free T4 | C68: 3742.6667 | E68: 3742.6667
A69: FSH | C69: 320.33333 | E69: 320.33333
A70: G6PD NURA | B70: 33 | E70: 33
A71: G6PD NURB | B71: 33.333333 | E71: 33.333333
A72: G6PDH NUR | B72: 7.3333333 | E72: 7.3333333
A73: Gentamicin | B73: 1 | E73: 1
A74: GGT2 | B74: 8476.3333 | E74: 8476.3333
A75: Glucose | B75: 16384 | E75: 16384
A76: Glucose CU | B76: 230 | E76: 230
A77: Haptoglob | B77: 149 | E77: 149
A78: HAVAb IgM | C78: 124.66667 | E78: 124.66667
A79: HAVAb-IgG | C79: 132.33333 | E79: 132.33333
A80: HBeAg | C80: 411.33333 | E80: 411.33333
A81: HBsAg dil | C81: 320 | E81: 320
A82: HBsAgNx | C82: 1387.6667 | E82: 1387.6667
A83: HE4 | C83: 141 | E83: 141
A84: Hemolysis | B84: 25319 | E84: 25319
A85: HILref | B85: 25345.667 | E85: 25345.667
A86: HIV Ag/Ab | C86: 1131 | E86: 1131
A87: Icterus | B87: 25319 | E87: 25319
A88: IgA | B88: 506.66667 | E88: 506.66667
A89: IgE | B89: 339.66667 | E89: 339.66667
A90: IgG | B90: 357 | E90: 357
A91: IgM | B91: 347.33333 | E91: 347.33333
A92: Insulin | C92: 703.33333 | E92: 703.33333
A93: iPTH Stat | C93: 875.66667 | E93: 875.66667
A94: Iron2 | B94: 4757 | E94: 4757
A95: K-C | B95: 12308.667 | E95: 12308.667
A96: K-CU | B96: 929.66667 | E96: 929.66667
A97: LDH2F | B97: 6414.3333 | E97: 6414.3333
A98: LH | C98: 292.66667 | E98: 292.66667
A99: Lip2 | B99: 4001.6667 | E99: 4001.6667
A100: Lipemia | B100: 25319 | E100: 25319
A101: Lithium | B101: 167.33333 | E101: 167.33333
...

Sheet DPCache_Instrument Summary (1)
A1: MODULE_SERIAL | B1: MODULE_TYPE | C1: ASSAY_NAME | D1: ASSAY_NUMBER | E1: PATIENTS_ATTEMPTED | F1: PATIENTS_COMPLETED | G1: PATIENTS_RETESTED | H1: PATIENTS_DILUTED | I1: CALIBRATORS_ATTEMPTED | J1: CONTROLS_ATTEMPTED | K1: CONTROLS_COMPLETED | L1: TOTAL_ATTEMPTED | M1: TOT/MM
A2: AC04860 | B2: Alinity c | C2: a1AGP | D2: 1912 | E2: 41 | F2: 40 | G2: 3 | H2: 2 | I2: 60 | J2: 205 | K2: 195 | L2: 306 | M2: 102
A3: AC04860 | B3: Alinity c | C3: a1AT | D3: 1901 | E3: 120 | F3: 112 | G3: 5 | H3: 0 | I3: 36 | J3: 200 | K3: 190 | L3: 356 | M3: 118.66667
A4: AC04860 | B4: Alinity c | C4: A-ALT | D4: 1032 | E4: 16189 | F4: 13756 | G4: 1947 | H4: 22 | I4: 24 | J4: 422 | K4: 390 | L4: 16635 | M4: 5545
A5: AC04860 | B5: Alinity c | C5: A-ALT | D5: 1032 | E5: 11832 | F5: 11362 | G5: 386 | H5: 67 | I5: 15 | J5: 355 | K5: 337 | L5: 12202 | M5: 4067.3333
A6: AC04860 | B6: Alinity c | C6: A-ALT | D6: 1032 | E6: 16759 | F6: 14861 | G6: 1412 | H6: 50 | I6: 15 | J6: 373 | K6: 361 | L6: 17147 | M6: 5715.6667
A7: AC04860 | B7: Alinity c | C7: A-AST | D7: 1046 | E7: 14698 | F7: 12646 | G7: 1620 | H7: 1 | I7: 15 | J7: 388 | K7: 357 | L7: 15101 | M7: 5033.6667
A8: AC04860 | B8: Alinity c | C8: A-AST | D8: 1046 | E8: 11492 | F8: 11020 | G8: 374 | H8: 8 | I8: 18 | J8: 344 | K8: 325 | L8: 11854 | M8: 3951.3333
A9: AC04860 | B9: Alinity c | C9: A-AST | D9: 1046 | E9: 15362 | F9: 13739 | G9: 1191 | H9: 10 | I9: 15 | J9: 353 | K9: 342 | L9: 15730 | M9: 5243.3333
A10: AI22529 | B10: Alinity i | C10: AFP | D10: 10 | E10: 781 | F10: 686 | G10: 57 | H10: 5 | I10: 24 | J10: 371 | K10: 291 | L10: 1176 | M10: 392
A11: AC04860 | B11: Alinity c | C11: AlbBCG2 | D11: 1400 | E11: 1130 | F11: 1001 | G11: 104 | H11: 0 | I11: 18 | J11: 221 | K11: 204 | L11: 1369 | M11: 456.33333
A12: AC04860 | B12: Alinity c | C12: AlbBCG2 | D12: 1400 | E12: 1375 | F12: 1314 | G12: 58 | H12: 0 | I12: 24 | J12: 182 | K12: 176 | L12: 1581 | M12: 527
A13: AC04860 | B13: Alinity c | C13: AlbBCG2 | D13: 1400 | E13: 1127 | F13: 1002 | G13: 94 | H13: 0 | I13: 24 | J13: 216 | K13: 211 | L13: 1367 | M13: 455.66667
... A291: AI22529 | B291: Alinity i | C291: VitaminB12 | D291: 654 | E291: 99 | F291: 84 | G291: 13 | H291: 3 | I291: 60 | J291: 99 | K291: 89 | L291: 258 | M291: 86

Sheet GIACENZA_REALE
A1: Codice | B1: Descrizione | C1: Kit disponibili | D1: Scadenza

Sheet ORDINE_MESE
A1: Codice | B1: Descrizione | C1: Kit/mese | D1: Kit disponibili | E1: Copertura (mesi) | F1: Kit da ordinare
A2: =DATI!A2 | B2: =DATI!B2 | C2: =DATI!H2 | D2: =SE.ERRORE(CERCA.X(A2;GIACENZA_REALE!A:A;GIACENZA_REALE!C:C);0) | E2: =SE(C2=0;"";D2/C2) | F2: =MAX(0;ARROTONDA.ECCESSO(C2-D2;1))
A3: =DATI!A3 | B3: =DATI!B3 | C3: =DATI!H3 | D3: =SE.ERRORE(CERCA.X(A3;GIACENZA_REALE!A:A;GIACENZA_REALE!C:C);0) | E3: =SE(C3=0;"";D3/C3) | F3: =MAX(0;ARROTONDA.ECCESSO(C3-D3;1))
A4: =DATI!A4 | B4: =DATI!B4 | C4: =DATI!H4 | D4: =SE.ERRORE(CERCA.X(A4;GIACENZA_REALE!A:A;GIACENZA_REALE!C:C);0) | E4: =SE(C4=0;"";D4/C4) | F4: =MAX(0;ARROTONDA.ECCESSO(C4-D4;1))
A5: =DATI!A5 | B5: =DATI!B5 | C5: =DATI!H5 | D5: =SE.ERRORE(CERCA.X(A5;GIACENZA_REALE!A:A;GIACENZA_REALE!C:C);0) | E5: =SE(C5=0;"";D5/C5) | F5: =MAX(0;ARROTONDA.ECCESSO(C5-D5;1))
A6: =DATI!A6 | B6: =DATI!B6 | C6: =DATI!H6 | D6: =SE.ERRORE(CERCA.X(A6;GIACENZA_REALE!A:A;GIACENZA_REALE!C:C);0) | E6: =SE(C6=0;"";D6/C6) | F6: =MAX(0;ARROTONDA.ECCESSO(C6-D6;1))
A7: =DATI!A7 | B7: =DATI!B7 | C7: =DATI!H7 | D7: =SE.ERRORE(CERCA.X(A7;GIACENZA_REALE!A:A;GIACENZA_REALE!C:C);0) | E7: =SE(C7=0;"";D7/C7) | F7: =MAX(0;ARROTONDA.ECCESSO(C7-D7;1))
A8: =DATI!A8 | B8: =DATI!B8 | C8: =DATI!H8 | D8: =SE.ERRORE(CERCA.X(A8;GIACENZA_REALE!A:A;GIACENZA_REALE!C:C);0) | E8: =SE(C8=0;"";D8/C8) | F8: =MAX(0;ARROTONDA.ECCESSO(C8-D8;1))
A9: =DATI!A9 | B9: =DATI!B9 | C9: =DATI!H9 | D9: =SE.ERRORE(CERCA.X(A9;GIACENZA_REALE!A:A;GIACENZA_REALE!C:C);0) | E9: =SE(C9=0;"";D9/C9) | F9: =MAX(0;ARROTONDA.ECCESSO(C9-D9;1))
A10: =DATI!A10 | B10: =DATI!B10 | C10: =DATI!H10 | D10: =SE.ERRORE(CERCA.X(A10;GIACENZA_REALE!A:A;GIACENZA_REALE!C:C);0) | E10: =SE(C10=0;"";D10/C10) | F10: =MAX(0;ARROTONDA.ECCESSO(C10-D10;1))
A11: =DATI!A11 | B11: =DATI!B11 | C11: =DATI!H11 | D11: =SE.ERRORE(CERCA.X(A11;GIACENZA_REALE!A:A;GIACENZA_REALE!C:C);0) | E11: =SE(C11=0;"";D11/C11) | F11: =MAX(0;ARROTONDA.ECCESSO(C11-D11;1))
A12: =DATI!A12 | B12: =DATI!B12 | C12: =DATI!H12 | D12: =SE.ERRORE(CERCA.X(A12;GIACENZA_REALE!A:A;GIACENZA_REALE!C:C);0) | E12: =SE(C12=0;"";D12/C12) | F12: =MAX(0;ARROTONDA.ECCESSO(C12-D12;1))
A13: =DATI!A13 | B13: =DATI!B13 | C13: =DATI!H13 | D13: =SE.ERRORE(CERCA.X(A13;GIACENZA_REALE!A:A;GIACENZA_REALE!C:C);0) | E13: =SE(C13=0;"";D13/C13) | F13: =MAX(0;ARROTONDA.ECCESSO(C13-D13;1))
... A350: =DATI!A350 | B350: =DATI!B350 | C350: =DATI!H350 | D350: =SE.ERRORE(CERCA.X(A350;GIACENZA_REALE!A:A;GIACENZA_REALE!C:C);0) | E350: =SE(C350=0;"";D350/C350) | F350: =MAX(0;ARROTONDA.ECCESSO(C350-D350;1))

Sheet DASHBOARD
A1: RIEPILOGO ORDINE MENSILE
A3: Prodotti da ordinare: | B3: =CONTA.SE(ORDINE_MESE!F2:F350;">0")
A4: Totale kit da ordinare: | B4: =SOMMA(ORDINE_MESE!F2:F350)
A6: Prodotti critici (<1 mese copertura): | B6: =CONTA.SE(ORDINE_MESE!E2:E350;"<1")
